Sr,Size,Latency
0,1,0.000001793
1,1,0.000001513
2,1,0.000001462
3,1,0.000002670
4,1,0.000001430
5,1,0.000001548
6,1,0.000001471
7,1,0.000001827
8,1,0.000002189
9,1,0.000001478
10,1,0.000001828
11,1,0.000001220
12,1,0.000001193
13,1,0.000001201
14,1,0.000001276
15,1,0.000001325
16,1,0.000001215
17,1,0.000001204
18,1,0.000001240
19,1,0.000001214
20,1,0.000001216
21,1,0.000001041
22,1,0.000001013
23,1,0.000001021
24,1,0.000000993
25,1,0.000001008
26,1,0.000001003
27,1,0.000001020
28,1,0.000001052
29,1,0.000001021
30,1,0.000001049
31,1,0.000001038
32,1,0.000000909
33,1,0.000000891
34,1,0.000000897
35,1,0.000000868
36,1,0.000000910
37,1,0.000000881
38,1,0.000000894
39,1,0.000000891
40,1,0.000000892
41,1,0.000000860
42,1,0.000000878
43,1,0.000000870
44,1,0.000006270
45,1,0.000005577
46,1,0.000005651
47,1,0.000005576
48,1,0.000005447
49,1,0.000005464
50,1,0.000005405
51,1,0.000005206
52,1,0.000005312
53,1,0.000005772
54,1,0.000005475
55,1,0.000005829
56,1,0.000005553
57,1,0.000005390
58,1,0.000005565
59,1,0.000005914
60,1,0.000004855
61,1,0.000005000
62,1,0.000004920
63,1,0.000004722
64,1,0.000004871
65,1,0.000004944
66,1,0.000004617
67,1,0.000004871
68,1,0.000004672
69,1,0.000005053
70,1,0.000004774
71,1,0.000004948
72,1,0.000004862
73,1,0.000004896
74,1,0.000004764
75,1,0.000005038
76,1,0.000005876
77,1,0.000004574
78,1,0.000004418
79,1,0.000004411
80,1,0.000014066
81,1,0.000004626
82,1,0.000004723
83,1,0.000004539
84,1,0.000004650
85,1,0.000004247
86,1,0.000004466
87,1,0.000005042
88,1,0.000004556
89,1,0.000004446
90,1,0.000004415
91,1,0.000004579
92,1,0.000004340
93,1,0.000004498
94,1,0.000005051
95,1,0.000004461
96,1,0.000004403
97,1,0.000004671
98,1,0.000004292
99,1,0.000004540
0,256,0.000000650
1,256,0.000000649
2,256,0.000000653
3,256,0.000000642
4,256,0.000000643
5,256,0.000000682
6,256,0.000000819
7,256,0.000000650
8,256,0.000000786
9,256,0.000000662
10,256,0.000000812
11,256,0.000000627
12,256,0.000000787
13,256,0.000000634
14,256,0.000000795
15,256,0.000000659
16,256,0.000000775
17,256,0.000000647
18,256,0.000000790
19,256,0.000000646
20,256,0.000000657
21,256,0.000000640
22,256,0.000000646
23,256,0.000000635
24,256,0.000000650
25,256,0.000000637
26,256,0.000000659
27,256,0.000000638
28,256,0.000000673
29,256,0.000000633
30,256,0.000000662
31,256,0.000000676
32,256,0.000000659
33,256,0.000000658
34,256,0.000000655
35,256,0.000000649
36,256,0.000000651
37,256,0.000004599
38,256,0.000004463
39,256,0.000004752
40,256,0.000016861
41,256,0.000004497
42,256,0.000004438
43,256,0.000004365
44,256,0.000004310
45,256,0.000004909
46,256,0.000004442
47,256,0.000004282
48,256,0.000004496
49,256,0.000004425
50,256,0.000004632
51,256,0.000004575
52,256,0.000004882
53,256,0.000004546
54,256,0.000004809
55,256,0.000004345
56,256,0.000005074
57,256,0.000004476
58,256,0.000004737
59,256,0.000004543
60,256,0.000004605
61,256,0.000004573
62,256,0.000004726
63,256,0.000004490
64,256,0.000004970
65,256,0.000004504
66,256,0.000004596
67,256,0.000004705
68,256,0.000004337
69,256,0.000004802
70,256,0.000004342
71,256,0.000004655
72,256,0.000004500
73,256,0.000004516
74,256,0.000006300
75,256,0.000004521
76,256,0.000004319
77,256,0.000004683
78,256,0.000004409
79,256,0.000004592
80,256,0.000004404
81,256,0.000004487
82,256,0.000004394
83,256,0.000004657
84,256,0.000004371
85,256,0.000004562
86,256,0.000004322
87,256,0.000004859
88,256,0.000004188
89,256,0.000006265
90,256,0.000004571
91,256,0.000004851
92,256,0.000004539
93,256,0.000004740
94,256,0.000004542
95,256,0.000004714
96,256,0.000004602
97,256,0.000004294
98,256,0.000004400
99,256,0.000004496
0,512,0.000000655
1,512,0.000000645
2,512,0.000000639
3,512,0.000000669
4,512,0.000000833
5,512,0.000000684
6,512,0.000000834
7,512,0.000001041
8,512,0.000000819
9,512,0.000000665
10,512,0.000000826
11,512,0.000000677
12,512,0.000000817
13,512,0.000000645
14,512,0.000000813
15,512,0.000000668
16,512,0.000000785
17,512,0.000000666
18,512,0.000001289
19,512,0.000000648
20,512,0.000000817
21,512,0.000000662
22,512,0.000000852
23,512,0.000000632
24,512,0.000004621
25,512,0.000004852
26,512,0.000004353
27,512,0.000005039
28,512,0.000004647
29,512,0.000004780
30,512,0.000004410
31,512,0.000004523
32,512,0.000004229
33,512,0.000004586
34,512,0.000004508
35,512,0.000004554
36,512,0.000005067
37,512,0.000004837
38,512,0.000004427
39,512,0.000004511
40,512,0.000004247
41,512,0.000028610
42,512,0.000004449
43,512,0.000004614
44,512,0.000004305
45,512,0.000004325
46,512,0.000004594
47,512,0.000004941
48,512,0.000004528
49,512,0.000004495
50,512,0.000004458
51,512,0.000004545
52,512,0.000004565
53,512,0.000004321
54,512,0.000004413
55,512,0.000004638
56,512,0.000004298
57,512,0.000004273
58,512,0.000004694
59,512,0.000004506
60,512,0.000004624
61,512,0.000004231
62,512,0.000004432
63,512,0.000004398
64,512,0.000004321
65,512,0.000004240
66,512,0.000004469
67,512,0.000004299
68,512,0.000004618
69,512,0.000004564
70,512,0.000004552
71,512,0.000004472
72,512,0.000004609
73,512,0.000004445
74,512,0.000004640
75,512,0.000004464
76,512,0.000004554
77,512,0.000004590
78,512,0.000004794
79,512,0.000004968
80,512,0.000005096
81,512,0.000005018
82,512,0.000004553
83,512,0.000004502
84,512,0.000004633
85,512,0.000004546
86,512,0.000004593
87,512,0.000004591
88,512,0.000004667
89,512,0.000004334
90,512,0.000004727
91,512,0.000004451
92,512,0.000004651
93,512,0.000004585
94,512,0.000004458
95,512,0.000004654
96,512,0.000004534
97,512,0.000004449
98,512,0.000004551
99,512,0.000004503
0,768,0.000000722
1,768,0.000000823
2,768,0.000000702
3,768,0.000000851
4,768,0.000004369
5,768,0.000004535
6,768,0.000004656
7,768,0.000004605
8,768,0.000004703
9,768,0.000006532
10,768,0.000004289
11,768,0.000004571
12,768,0.000004608
13,768,0.000004570
14,768,0.000004392
15,768,0.000004436
16,768,0.000006033
17,768,0.000004395
18,768,0.000004894
19,768,0.000004538
20,768,0.000007315
21,768,0.000004608
22,768,0.000004780
23,768,0.000004626
24,768,0.000004768
25,768,0.000004694
26,768,0.000004822
27,768,0.000004648
28,768,0.000004808
29,768,0.000004344
30,768,0.000004726
31,768,0.000005699
32,768,0.000004653
33,768,0.000004662
34,768,0.000004619
35,768,0.000004436
36,768,0.000004437
37,768,0.000004773
38,768,0.000006237
39,768,0.000004428
40,768,0.000004991
41,768,0.000004656
42,768,0.000004732
43,768,0.000004566
44,768,0.000004320
45,768,0.000004993
46,768,0.000017321
47,768,0.000004883
48,768,0.000004630
49,768,0.000004771
50,768,0.000004873
51,768,0.000004547
52,768,0.000004733
53,768,0.000004368
54,768,0.000004500
55,768,0.000004631
56,768,0.000005051
57,768,0.000004421
58,768,0.000004665
59,768,0.000004524
60,768,0.000006183
61,768,0.000004804
62,768,0.000004740
63,768,0.000005065
64,768,0.000004993
65,768,0.000004837
66,768,0.000004649
67,768,0.000004720
68,768,0.000004607
69,768,0.000004549
70,768,0.000004953
71,768,0.000004571
72,768,0.000004393
73,768,0.000004465
74,768,0.000004471
75,768,0.000004461
76,768,0.000004626
77,768,0.000005266
78,768,0.000004456
79,768,0.000004600
80,768,0.000004838
81,768,0.000004916
82,768,0.000004603
83,768,0.000004593
84,768,0.000004407
85,768,0.000004800
86,768,0.000004584
87,768,0.000005021
88,768,0.000004534
89,768,0.000004829
90,768,0.000004497
91,768,0.000004621
92,768,0.000004582
93,768,0.000004547
94,768,0.000004370
95,768,0.000004573
96,768,0.000004816
97,768,0.000004876
98,768,0.000004530
99,768,0.000004682
0,1024,0.000000793
1,1024,0.000000866
2,1024,0.000000721
3,1024,0.000000870
4,1024,0.000000792
5,1024,0.000000757
6,1024,0.000000917
7,1024,0.000000816
8,1024,0.000000863
9,1024,0.000000779
10,1024,0.000000917
11,1024,0.000000896
12,1024,0.000000902
13,1024,0.000000805
14,1024,0.000001256
15,1024,0.000000829
16,1024,0.000000890
17,1024,0.000001239
18,1024,0.000000896
19,1024,0.000000817
20,1024,0.000000888
21,1024,0.000001161
22,1024,0.000000848
23,1024,0.000000782
24,1024,0.000000884
25,1024,0.000000865
26,1024,0.000000760
27,1024,0.000000820
28,1024,0.000000775
29,1024,0.000000821
30,1024,0.000001103
31,1024,0.000000819
32,1024,0.000000785
33,1024,0.000000804
34,1024,0.000000765
35,1024,0.000000940
36,1024,0.000000760
37,1024,0.000000809
38,1024,0.000000745
39,1024,0.000000917
40,1024,0.000000776
41,1024,0.000000874
42,1024,0.000000799
43,1024,0.000000928
44,1024,0.000000769
45,1024,0.000000876
46,1024,0.000000852
47,1024,0.000000746
48,1024,0.000000803
49,1024,0.000000715
50,1024,0.000000838
51,1024,0.000000722
52,1024,0.000000883
53,1024,0.000000752
54,1024,0.000000912
55,1024,0.000000756
56,1024,0.000001373
57,1024,0.000000737
58,1024,0.000000879
59,1024,0.000000713
60,1024,0.000000897
61,1024,0.000000727
62,1024,0.000000850
63,1024,0.000000728
64,1024,0.000000899
65,1024,0.000000857
66,1024,0.000000745
67,1024,0.000000904
68,1024,0.000000741
69,1024,0.000000885
70,1024,0.000000752
71,1024,0.000000930
72,1024,0.000000773
73,1024,0.000000866
74,1024,0.000000741
75,1024,0.000000891
76,1024,0.000000758
77,1024,0.000000878
78,1024,0.000000854
79,1024,0.000000849
80,1024,0.000004293
81,1024,0.000004167
82,1024,0.000004095
83,1024,0.000004100
84,1024,0.000003933
85,1024,0.000004098
86,1024,0.000004024
87,1024,0.000004143
88,1024,0.000004008
89,1024,0.000004060
90,1024,0.000004064
91,1024,0.000003918
92,1024,0.000004286
93,1024,0.000004231
94,1024,0.000004113
95,1024,0.000004386
96,1024,0.000004141
97,1024,0.000004164
98,1024,0.000004115
99,1024,0.000004289
0,1280,0.000000840
1,1280,0.000000878
2,1280,0.000000811
3,1280,0.000000863
4,1280,0.000000826
5,1280,0.000000882
6,1280,0.000000795
7,1280,0.000000741
8,1280,0.000000806
9,1280,0.000000733
10,1280,0.000000781
11,1280,0.000000741
12,1280,0.000000774
13,1280,0.000000776
14,1280,0.000000887
15,1280,0.000000695
16,1280,0.000000809
17,1280,0.000015446
18,1280,0.000000823
19,1280,0.000000720
20,1280,0.000000813
21,1280,0.000000740
22,1280,0.000000880
23,1280,0.000000724
24,1280,0.000000852
25,1280,0.000000736
26,1280,0.000000860
27,1280,0.000000741
28,1280,0.000000862
29,1280,0.000000729
30,1280,0.000000868
31,1280,0.000000758
32,1280,0.000000935
33,1280,0.000000754
34,1280,0.000000884
35,1280,0.000000711
36,1280,0.000000712
37,1280,0.000000881
38,1280,0.000000790
39,1280,0.000001190
40,1280,0.000000828
41,1280,0.000000860
42,1280,0.000000786
43,1280,0.000000934
44,1280,0.000000772
45,1280,0.000000840
46,1280,0.000000827
47,1280,0.000000890
48,1280,0.000004289
49,1280,0.000005388
50,1280,0.000004107
51,1280,0.000004079
52,1280,0.000004454
53,1280,0.000003921
54,1280,0.000004376
55,1280,0.000004014
56,1280,0.000004256
57,1280,0.000003807
58,1280,0.000004229
59,1280,0.000004249
60,1280,0.000005780
61,1280,0.000004025
62,1280,0.000004153
63,1280,0.000003873
64,1280,0.000003875
65,1280,0.000004128
66,1280,0.000004000
67,1280,0.000004327
68,1280,0.000020370
69,1280,0.000005859
70,1280,0.000006390
71,1280,0.000005831
72,1280,0.000006382
73,1280,0.000006135
74,1280,0.000005922
75,1280,0.000004678
76,1280,0.000004736
77,1280,0.000006543
78,1280,0.000005162
79,1280,0.000004822
80,1280,0.000004871
81,1280,0.000004831
82,1280,0.000004824
83,1280,0.000006641
84,1280,0.000006601
85,1280,0.000004889
86,1280,0.000004865
87,1280,0.000004849
88,1280,0.000005440
89,1280,0.000004899
90,1280,0.000007667
91,1280,0.000005931
92,1280,0.000006817
93,1280,0.000021714
94,1280,0.000006214
95,1280,0.000006815
96,1280,0.000005151
97,1280,0.000006201
98,1280,0.000005325
99,1280,0.000004954
0,1536,0.000001515
1,1536,0.000001650
2,1536,0.000001121
3,1536,0.000001273
4,1536,0.000001107
5,1536,0.000001644
6,1536,0.000001076
7,1536,0.000001929
8,1536,0.000001068
9,1536,0.000001139
10,1536,0.000001658
11,1536,0.000001105
12,1536,0.000001346
13,1536,0.000001344
14,1536,0.000001216
15,1536,0.000001456
16,1536,0.000001243
17,1536,0.000001500
18,1536,0.000001161
19,1536,0.000001653
20,1536,0.000001908
21,1536,0.000001315
22,1536,0.000001388
23,1536,0.000001273
24,1536,0.000001257
25,1536,0.000001282
26,1536,0.000001944
27,1536,0.000001705
28,1536,0.000001140
29,1536,0.000001949
30,1536,0.000001138
31,1536,0.000001467
32,1536,0.000001267
33,1536,0.000001263
34,1536,0.000001064
35,1536,0.000001461
36,1536,0.000001925
37,1536,0.000001785
38,1536,0.000001882
39,1536,0.000001116
40,1536,0.000001246
41,1536,0.000001087
42,1536,0.000006346
43,1536,0.000005973
44,1536,0.000006033
45,1536,0.000005757
46,1536,0.000005638
47,1536,0.000006495
48,1536,0.000020669
49,1536,0.000006307
50,1536,0.000005982
51,1536,0.000005271
52,1536,0.000006786
53,1536,0.000006321
54,1536,0.000006065
55,1536,0.000006077
56,1536,0.000006426
57,1536,0.000005984
58,1536,0.000006432
59,1536,0.000004939
60,1536,0.000007153
61,1536,0.000020593
62,1536,0.000006316
63,1536,0.000005918
64,1536,0.000006184
65,1536,0.000017729
66,1536,0.000006175
67,1536,0.000006166
68,1536,0.000004771
69,1536,0.000005040
70,1536,0.000004879
71,1536,0.000006196
72,1536,0.000004814
73,1536,0.000005118
74,1536,0.000004927
75,1536,0.000005118
76,1536,0.000004737
77,1536,0.000006403
78,1536,0.000004745
79,1536,0.000005194
80,1536,0.000004520
81,1536,0.000004191
82,1536,0.000004047
83,1536,0.000004220
84,1536,0.000004126
85,1536,0.000004334
86,1536,0.000004125
87,1536,0.000004130
88,1536,0.000003974
89,1536,0.000004422
90,1536,0.000004085
91,1536,0.000004109
92,1536,0.000004594
93,1536,0.000004105
94,1536,0.000004145
95,1536,0.000004076
96,1536,0.000005085
97,1536,0.000004125
98,1536,0.000004045
99,1536,0.000004560
0,1792,0.000000832
1,1792,0.000000805
2,1792,0.000000959
3,1792,0.000000870
4,1792,0.000000776
5,1792,0.000000800
6,1792,0.000000802
7,1792,0.000000806
8,1792,0.000000797
9,1792,0.000000826
10,1792,0.000000802
11,1792,0.000000792
12,1792,0.000000798
13,1792,0.000000787
14,1792,0.000000786
15,1792,0.000000798
16,1792,0.000000797
17,1792,0.000000818
18,1792,0.000000835
19,1792,0.000000836
20,1792,0.000000817
21,1792,0.000000785
22,1792,0.000000803
23,1792,0.000000775
24,1792,0.000000805
25,1792,0.000000814
26,1792,0.000000829
27,1792,0.000000915
28,1792,0.000000786
29,1792,0.000000842
30,1792,0.000000809
31,1792,0.000000860
32,1792,0.000000792
33,1792,0.000000858
34,1792,0.000000796
35,1792,0.000004367
36,1792,0.000004109
37,1792,0.000004296
38,1792,0.000004253
39,1792,0.000004157
40,1792,0.000004039
41,1792,0.000003807
42,1792,0.000004120
43,1792,0.000004381
44,1792,0.000004049
45,1792,0.000003970
46,1792,0.000004038
47,1792,0.000004335
48,1792,0.000004252
49,1792,0.000004274
50,1792,0.000004013
51,1792,0.000004128
52,1792,0.000004126
53,1792,0.000004134
54,1792,0.000004025
55,1792,0.000004128
56,1792,0.000004146
57,1792,0.000004449
58,1792,0.000003927
59,1792,0.000004368
60,1792,0.000004275
61,1792,0.000004467
62,1792,0.000004126
63,1792,0.000004093
64,1792,0.000004194
65,1792,0.000004235
66,1792,0.000004077
67,1792,0.000004319
68,1792,0.000006610
69,1792,0.000004184
70,1792,0.000004166
71,1792,0.000004437
72,1792,0.000004308
73,1792,0.000004212
74,1792,0.000004084
75,1792,0.000004505
76,1792,0.000004276
77,1792,0.000004093
78,1792,0.000004019
79,1792,0.000004104
80,1792,0.000004211
81,1792,0.000004299
82,1792,0.000004192
83,1792,0.000004074
84,1792,0.000004062
85,1792,0.000004461
86,1792,0.000004704
87,1792,0.000004438
88,1792,0.000004352
89,1792,0.000004223
90,1792,0.000004510
91,1792,0.000004137
92,1792,0.000004185
93,1792,0.000004291
94,1792,0.000004256
95,1792,0.000004090
96,1792,0.000003972
97,1792,0.000004151
98,1792,0.000004112
99,1792,0.000004205
0,2048,0.000000814
1,2048,0.000000878
2,2048,0.000000863
3,2048,0.000000839
4,2048,0.000000801
5,2048,0.000000804
6,2048,0.000000980
7,2048,0.000000813
8,2048,0.000000773
9,2048,0.000000789
10,2048,0.000000813
11,2048,0.000000790
12,2048,0.000000810
13,2048,0.000000794
14,2048,0.000000842
15,2048,0.000000796
16,2048,0.000000785
17,2048,0.000000807
18,2048,0.000000786
19,2048,0.000000790
20,2048,0.000000809
21,2048,0.000000814
22,2048,0.000000796
23,2048,0.000000808
24,2048,0.000000784
25,2048,0.000000811
26,2048,0.000000816
27,2048,0.000000792
28,2048,0.000000748
29,2048,0.000004095
30,2048,0.000004176
31,2048,0.000004290
32,2048,0.000004145
33,2048,0.000004272
34,2048,0.000004114
35,2048,0.000004195
36,2048,0.000005397
37,2048,0.000004581
38,2048,0.000004323
39,2048,0.000004310
40,2048,0.000004226
41,2048,0.000003967
42,2048,0.000003928
43,2048,0.000005546
44,2048,0.000004043
45,2048,0.000004039
46,2048,0.000004094
47,2048,0.000004242
48,2048,0.000004111
49,2048,0.000004200
50,2048,0.000003977
51,2048,0.000004126
52,2048,0.000004202
53,2048,0.000003818
54,2048,0.000006557
55,2048,0.000004314
56,2048,0.000004666
57,2048,0.000004210
58,2048,0.000004048
59,2048,0.000004061
60,2048,0.000004009
61,2048,0.000004184
62,2048,0.000004069
63,2048,0.000004034
64,2048,0.000004011
65,2048,0.000004019
66,2048,0.000004222
67,2048,0.000004302
68,2048,0.000006078
69,2048,0.000004279
70,2048,0.000004184
71,2048,0.000004077
72,2048,0.000004120
73,2048,0.000004320
74,2048,0.000004317
75,2048,0.000003938
76,2048,0.000003982
77,2048,0.000003985
78,2048,0.000004111
79,2048,0.000004399
80,2048,0.000004061
81,2048,0.000004070
82,2048,0.000004145
83,2048,0.000004131
84,2048,0.000004300
85,2048,0.000004037
86,2048,0.000004190
87,2048,0.000004295
88,2048,0.000004266
89,2048,0.000004196
90,2048,0.000004231
91,2048,0.000004345
92,2048,0.000004178
93,2048,0.000004158
94,2048,0.000004492
95,2048,0.000004051
96,2048,0.000004397
97,2048,0.000004319
98,2048,0.000004201
99,2048,0.000004268
0,2304,0.000000842
1,2304,0.000000892
2,2304,0.000000834
3,2304,0.000000802
4,2304,0.000000793
5,2304,0.000000818
6,2304,0.000000792
7,2304,0.000000887
8,2304,0.000000786
9,2304,0.000000822
10,2304,0.000000814
11,2304,0.000000801
12,2304,0.000000808
13,2304,0.000000782
14,2304,0.000000808
15,2304,0.000000812
16,2304,0.000000788
17,2304,0.000000819
18,2304,0.000000880
19,2304,0.000000794
20,2304,0.000000810
21,2304,0.000000908
22,2304,0.000004216
23,2304,0.000004185
24,2304,0.000004066
25,2304,0.000004085
26,2304,0.000003999
27,2304,0.000004162
28,2304,0.000004092
29,2304,0.000004002
30,2304,0.000004062
31,2304,0.000004138
32,2304,0.000004178
33,2304,0.000004214
34,2304,0.000004581
35,2304,0.000004365
36,2304,0.000004226
37,2304,0.000004355
38,2304,0.000003980
39,2304,0.000004855
40,2304,0.000004530
41,2304,0.000004326
42,2304,0.000004170
43,2304,0.000004180
44,2304,0.000004082
45,2304,0.000004092
46,2304,0.000004006
47,2304,0.000004434
48,2304,0.000004147
49,2304,0.000004205
50,2304,0.000004973
51,2304,0.000003829
52,2304,0.000004174
53,2304,0.000004317
54,2304,0.000004379
55,2304,0.000004201
56,2304,0.000003989
57,2304,0.000004204
58,2304,0.000003910
59,2304,0.000004049
60,2304,0.000004053
61,2304,0.000004433
62,2304,0.000004071
63,2304,0.000004038
64,2304,0.000004134
65,2304,0.000003995
66,2304,0.000004175
67,2304,0.000003998
68,2304,0.000004057
69,2304,0.000004006
70,2304,0.000004009
71,2304,0.000004002
72,2304,0.000004171
73,2304,0.000004261
74,2304,0.000004260
75,2304,0.000004296
76,2304,0.000004022
77,2304,0.000004028
78,2304,0.000003985
79,2304,0.000004026
80,2304,0.000004097
81,2304,0.000004136
82,2304,0.000004034
83,2304,0.000004058
84,2304,0.000004120
85,2304,0.000004106
86,2304,0.000004568
87,2304,0.000004078
88,2304,0.000004222
89,2304,0.000004150
90,2304,0.000004215
91,2304,0.000004204
92,2304,0.000004165
93,2304,0.000003958
94,2304,0.000004132
95,2304,0.000004497
96,2304,0.000004041
97,2304,0.000004182
98,2304,0.000004128
99,2304,0.000004045
0,2560,0.000000827
1,2560,0.000000858
2,2560,0.000000827
3,2560,0.000000823
4,2560,0.000000802
5,2560,0.000000930
6,2560,0.000000779
7,2560,0.000000828
8,2560,0.000000809
9,2560,0.000000806
10,2560,0.000000769
11,2560,0.000000789
12,2560,0.000000795
13,2560,0.000000828
14,2560,0.000000815
15,2560,0.000000825
16,2560,0.000004338
17,2560,0.000004174
18,2560,0.000004367
19,2560,0.000004266
20,2560,0.000004211
21,2560,0.000004376
22,2560,0.000004040
23,2560,0.000004124
24,2560,0.000004429
25,2560,0.000004229
26,2560,0.000004370
27,2560,0.000009683
28,2560,0.000004335
29,2560,0.000004091
30,2560,0.000004206
31,2560,0.000004053
32,2560,0.000004454
33,2560,0.000004286
34,2560,0.000004140
35,2560,0.000004313
36,2560,0.000004246
37,2560,0.000004135
38,2560,0.000005011
39,2560,0.000004169
40,2560,0.000004803
41,2560,0.000004103
42,2560,0.000004365
43,2560,0.000004630
44,2560,0.000004254
45,2560,0.000005395
46,2560,0.000004413
47,2560,0.000004026
48,2560,0.000004154
49,2560,0.000004166
50,2560,0.000004032
51,2560,0.000004078
52,2560,0.000005527
53,2560,0.000004306
54,2560,0.000004312
55,2560,0.000004113
56,2560,0.000004244
57,2560,0.000004209
58,2560,0.000004137
59,2560,0.000004369
60,2560,0.000004139
61,2560,0.000004170
62,2560,0.000004732
63,2560,0.000003855
64,2560,0.000004304
65,2560,0.000004428
66,2560,0.000004737
67,2560,0.000004157
68,2560,0.000004107
69,2560,0.000004081
70,2560,0.000003995
71,2560,0.000004243
72,2560,0.000004314
73,2560,0.000004351
74,2560,0.000004282
75,2560,0.000004086
76,2560,0.000004089
77,2560,0.000004387
78,2560,0.000004354
79,2560,0.000004304
80,2560,0.000004116
81,2560,0.000004216
82,2560,0.000004038
83,2560,0.000004188
84,2560,0.000004489
85,2560,0.000004334
86,2560,0.000016781
87,2560,0.000004053
88,2560,0.000004293
89,2560,0.000004380
90,2560,0.000004062
91,2560,0.000004098
92,2560,0.000004217
93,2560,0.000004094
94,2560,0.000004163
95,2560,0.000004179
96,2560,0.000004266
97,2560,0.000004280
98,2560,0.000004263
99,2560,0.000004218
0,2816,0.000000801
1,2816,0.000000823
2,2816,0.000000917
3,2816,0.000000809
4,2816,0.000000814
5,2816,0.000000794
6,2816,0.000000827
7,2816,0.000000804
8,2816,0.000000848
9,2816,0.000000853
10,2816,0.000003953
11,2816,0.000004143
12,2816,0.000004066
13,2816,0.000004116
14,2816,0.000003986
15,2816,0.000004678
16,2816,0.000004137
17,2816,0.000004069
18,2816,0.000004186
19,2816,0.000003965
20,2816,0.000004086
21,2816,0.000004201
22,2816,0.000004804
23,2816,0.000004218
24,2816,0.000004027
25,2816,0.000003935
26,2816,0.000004219
27,2816,0.000004226
28,2816,0.000004028
29,2816,0.000003949
30,2816,0.000004008
31,2816,0.000004094
32,2816,0.000005023
33,2816,0.000004193
34,2816,0.000003969
35,2816,0.000016707
36,2816,0.000004147
37,2816,0.000004136
38,2816,0.000004165
39,2816,0.000004209
40,2816,0.000004188
41,2816,0.000004294
42,2816,0.000003907
43,2816,0.000004360
44,2816,0.000004128
45,2816,0.000004201
46,2816,0.000004140
47,2816,0.000004084
48,2816,0.000004175
49,2816,0.000004311
50,2816,0.000003878
51,2816,0.000004183
52,2816,0.000004176
53,2816,0.000004072
54,2816,0.000004117
55,2816,0.000004447
56,2816,0.000004193
57,2816,0.000004235
58,2816,0.000005809
59,2816,0.000004256
60,2816,0.000004091
61,2816,0.000004190
62,2816,0.000004167
63,2816,0.000004338
64,2816,0.000004108
65,2816,0.000004194
66,2816,0.000004215
67,2816,0.000004146
68,2816,0.000004346
69,2816,0.000004213
70,2816,0.000006199
71,2816,0.000004364
72,2816,0.000004407
73,2816,0.000004264
74,2816,0.000004188
75,2816,0.000004168
76,2816,0.000004342
77,2816,0.000005777
78,2816,0.000004207
79,2816,0.000004208
80,2816,0.000004138
81,2816,0.000004288
82,2816,0.000004148
83,2816,0.000004190
84,2816,0.000004345
85,2816,0.000004422
86,2816,0.000004366
87,2816,0.000004061
88,2816,0.000006200
89,2816,0.000004362
90,2816,0.000004296
91,2816,0.000004174
92,2816,0.000004343
93,2816,0.000004131
94,2816,0.000004554
95,2816,0.000006316
96,2816,0.000004049
97,2816,0.000004337
98,2816,0.000004181
99,2816,0.000004300
0,3072,0.000000853
1,3072,0.000000879
2,3072,0.000000841
3,3072,0.000004357
4,3072,0.000004306
5,3072,0.000004003
6,3072,0.000004452
7,3072,0.000004384
8,3072,0.000004017
9,3072,0.000004201
10,3072,0.000004267
11,3072,0.000004084
12,3072,0.000004170
13,3072,0.000004320
14,3072,0.000004125
15,3072,0.000004009
16,3072,0.000004370
17,3072,0.000004473
18,3072,0.000004219
19,3072,0.000004302
20,3072,0.000004305
21,3072,0.000004084
22,3072,0.000004109
23,3072,0.000004179
24,3072,0.000004092
25,3072,0.000004210
26,3072,0.000004344
27,3072,0.000004300
28,3072,0.000004391
29,3072,0.000004360
30,3072,0.000004284
31,3072,0.000004209
32,3072,0.000004281
33,3072,0.000004153
34,3072,0.000004328
35,3072,0.000004205
36,3072,0.000004119
37,3072,0.000004147
38,3072,0.000004087
39,3072,0.000004296
40,3072,0.000004187
41,3072,0.000004230
42,3072,0.000004279
43,3072,0.000004205
44,3072,0.000004267
45,3072,0.000004082
46,3072,0.000004275
47,3072,0.000004128
48,3072,0.000004573
49,3072,0.000004422
50,3072,0.000004324
51,3072,0.000003960
52,3072,0.000004124
53,3072,0.000004066
54,3072,0.000004011
55,3072,0.000004174
56,3072,0.000004442
57,3072,0.000004158
58,3072,0.000004035
59,3072,0.000015059
60,3072,0.000004328
61,3072,0.000004374
62,3072,0.000004204
63,3072,0.000003961
64,3072,0.000004219
65,3072,0.000004432
66,3072,0.000004532
67,3072,0.000004076
68,3072,0.000004339
69,3072,0.000004066
70,3072,0.000004335
71,3072,0.000004030
72,3072,0.000004024
73,3072,0.000004188
74,3072,0.000004424
75,3072,0.000004367
76,3072,0.000004322
77,3072,0.000004215
78,3072,0.000004012
79,3072,0.000004056
80,3072,0.000004562
81,3072,0.000004162
82,3072,0.000004315
83,3072,0.000004384
84,3072,0.000004414
85,3072,0.000004144
86,3072,0.000004292
87,3072,0.000004304
88,3072,0.000004377
89,3072,0.000004646
90,3072,0.000004223
91,3072,0.000004436
92,3072,0.000004238
93,3072,0.000004163
94,3072,0.000004247
95,3072,0.000004233
96,3072,0.000004091
97,3072,0.000004037
98,3072,0.000004284
99,3072,0.000004104
0,3328,0.000000855
1,3328,0.000000843
2,3328,0.000000938
3,3328,0.000000859
4,3328,0.000000910
5,3328,0.000001139
6,3328,0.000000847
7,3328,0.000000826
8,3328,0.000000826
9,3328,0.000000852
10,3328,0.000000856
11,3328,0.000000823
12,3328,0.000000856
13,3328,0.000000839
14,3328,0.000000835
15,3328,0.000000803
16,3328,0.000000926
17,3328,0.000000871
18,3328,0.000000874
19,3328,0.000000818
20,3328,0.000000859
21,3328,0.000000878
22,3328,0.000000839
23,3328,0.000000826
24,3328,0.000000852
25,3328,0.000000835
26,3328,0.000000860
27,3328,0.000000965
28,3328,0.000000865
29,3328,0.000000843
30,3328,0.000000841
31,3328,0.000000881
32,3328,0.000000838
33,3328,0.000000902
34,3328,0.000000842
35,3328,0.000000840
36,3328,0.000000844
37,3328,0.000000832
38,3328,0.000000836
39,3328,0.000000825
40,3328,0.000000810
41,3328,0.000000838
42,3328,0.000000840
43,3328,0.000000844
44,3328,0.000000849
45,3328,0.000000840
46,3328,0.000000909
47,3328,0.000000874
48,3328,0.000000821
49,3328,0.000000880
50,3328,0.000001328
51,3328,0.000000841
52,3328,0.000000875
53,3328,0.000000887
54,3328,0.000000901
55,3328,0.000000865
56,3328,0.000000885
57,3328,0.000000836
58,3328,0.000000890
59,3328,0.000000838
60,3328,0.000000812
61,3328,0.000000849
62,3328,0.000000848
63,3328,0.000000827
64,3328,0.000000843
65,3328,0.000000842
66,3328,0.000001023
67,3328,0.000000853
68,3328,0.000000846
69,3328,0.000000826
70,3328,0.000000787
71,3328,0.000000885
72,3328,0.000000839
73,3328,0.000000802
74,3328,0.000000825
75,3328,0.000000849
76,3328,0.000000894
77,3328,0.000000850
78,3328,0.000000836
79,3328,0.000000893
80,3328,0.000000923
81,3328,0.000000845
82,3328,0.000001079
83,3328,0.000000871
84,3328,0.000000900
85,3328,0.000000822
86,3328,0.000001222
87,3328,0.000000896
88,3328,0.000000857
89,3328,0.000000934
90,3328,0.000000894
91,3328,0.000000855
92,3328,0.000000845
93,3328,0.000001309
94,3328,0.000000825
95,3328,0.000000843
96,3328,0.000000854
97,3328,0.000000848
98,3328,0.000000860
99,3328,0.000004547
0,3584,0.000000863
1,3584,0.000000844
2,3584,0.000000886
3,3584,0.000000853
4,3584,0.000000858
5,3584,0.000000883
6,3584,0.000000858
7,3584,0.000000885
8,3584,0.000000867
9,3584,0.000000877
10,3584,0.000000850
11,3584,0.000000851
12,3584,0.000000838
13,3584,0.000000848
14,3584,0.000000857
15,3584,0.000000925
16,3584,0.000000820
17,3584,0.000000899
18,3584,0.000000824
19,3584,0.000000902
20,3584,0.000000852
21,3584,0.000000858
22,3584,0.000000828
23,3584,0.000000840
24,3584,0.000000823
25,3584,0.000000898
26,3584,0.000000901
27,3584,0.000000833
28,3584,0.000000978
29,3584,0.000000884
30,3584,0.000000845
31,3584,0.000000849
32,3584,0.000000830
33,3584,0.000000991
34,3584,0.000000885
35,3584,0.000000875
36,3584,0.000000830
37,3584,0.000000896
38,3584,0.000000857
39,3584,0.000000797
40,3584,0.000000874
41,3584,0.000000950
42,3584,0.000000801
43,3584,0.000000853
44,3584,0.000000872
45,3584,0.000000839
46,3584,0.000000886
47,3584,0.000000846
48,3584,0.000000921
49,3584,0.000000833
50,3584,0.000000899
51,3584,0.000000835
52,3584,0.000000913
53,3584,0.000000878
54,3584,0.000000904
55,3584,0.000000850
56,3584,0.000000824
57,3584,0.000000848
58,3584,0.000000835
59,3584,0.000000823
60,3584,0.000000961
61,3584,0.000001361
62,3584,0.000000835
63,3584,0.000000878
64,3584,0.000000891
65,3584,0.000000878
66,3584,0.000000791
67,3584,0.000001046
68,3584,0.000000845
69,3584,0.000000841
70,3584,0.000000826
71,3584,0.000000828
72,3584,0.000000828
73,3584,0.000000864
74,3584,0.000000827
75,3584,0.000001628
76,3584,0.000000857
77,3584,0.000000850
78,3584,0.000000857
79,3584,0.000000851
80,3584,0.000000827
81,3584,0.000000834
82,3584,0.000001237
83,3584,0.000000867
84,3584,0.000000850
85,3584,0.000000849
86,3584,0.000000815
87,3584,0.000000907
88,3584,0.000000867
89,3584,0.000000914
90,3584,0.000000835
91,3584,0.000000858
92,3584,0.000000865
93,3584,0.000004093
94,3584,0.000004576
95,3584,0.000003843
96,3584,0.000005220
97,3584,0.000004105
98,3584,0.000004469
99,3584,0.000004069
0,3840,0.000001031
1,3840,0.000000965
2,3840,0.000000992
3,3840,0.000001827
4,3840,0.000000980
5,3840,0.000001010
6,3840,0.000000969
7,3840,0.000000976
8,3840,0.000000955
9,3840,0.000000928
10,3840,0.000001328
11,3840,0.000001024
12,3840,0.000000995
13,3840,0.000001020
14,3840,0.000000985
15,3840,0.000001015
16,3840,0.000000972
17,3840,0.000000929
18,3840,0.000001009
19,3840,0.000000977
20,3840,0.000000981
21,3840,0.000000950
22,3840,0.000000972
23,3840,0.000000972
24,3840,0.000001614
25,3840,0.000001119
26,3840,0.000000950
27,3840,0.000001056
28,3840,0.000000958
29,3840,0.000001102
30,3840,0.000001017
31,3840,0.000001701
32,3840,0.000000993
33,3840,0.000001102
34,3840,0.000000995
35,3840,0.000001142
36,3840,0.000001024
37,3840,0.000001071
38,3840,0.000001176
39,3840,0.000000969
40,3840,0.000000959
41,3840,0.000000947
42,3840,0.000001000
43,3840,0.000000984
44,3840,0.000001159
45,3840,0.000000965
46,3840,0.000000967
47,3840,0.000000953
48,3840,0.000000923
49,3840,0.000001021
50,3840,0.000000996
51,3840,0.000001046
52,3840,0.000001015
53,3840,0.000001001
54,3840,0.000001079
55,3840,0.000000963
56,3840,0.000001255
57,3840,0.000000939
58,3840,0.000001100
59,3840,0.000001006
60,3840,0.000001094
61,3840,0.000000994
62,3840,0.000000997
63,3840,0.000001009
64,3840,0.000000976
65,3840,0.000000975
66,3840,0.000000953
67,3840,0.000000979
68,3840,0.000001005
69,3840,0.000000947
70,3840,0.000001080
71,3840,0.000000946
72,3840,0.000000990
73,3840,0.000000963
74,3840,0.000001010
75,3840,0.000001006
76,3840,0.000001009
77,3840,0.000000944
78,3840,0.000001043
79,3840,0.000001032
80,3840,0.000000956
81,3840,0.000000983
82,3840,0.000000951
83,3840,0.000001009
84,3840,0.000000978
85,3840,0.000000933
86,3840,0.000005205
87,3840,0.000004601
88,3840,0.000004602
89,3840,0.000004451
90,3840,0.000004490
91,3840,0.000004559
92,3840,0.000004373
93,3840,0.000004500
94,3840,0.000005208
95,3840,0.000004759
96,3840,0.000004668
97,3840,0.000004536
98,3840,0.000004535
99,3840,0.000004518
0,4096,0.000001041
1,4096,0.000001039
2,4096,0.000000959
3,4096,0.000000958
4,4096,0.000000987
5,4096,0.000000989
6,4096,0.000000989
7,4096,0.000000973
8,4096,0.000000993
9,4096,0.000001148
10,4096,0.000000990
11,4096,0.000001161
12,4096,0.000000999
13,4096,0.000001204
14,4096,0.000000978
15,4096,0.000000973
16,4096,0.000000982
17,4096,0.000000988
18,4096,0.000001025
19,4096,0.000000978
20,4096,0.000000984
21,4096,0.000000995
22,4096,0.000001076
23,4096,0.000001002
24,4096,0.000001170
25,4096,0.000001022
26,4096,0.000001077
27,4096,0.000000991
28,4096,0.000001041
29,4096,0.000000991
30,4096,0.000001021
31,4096,0.000001063
32,4096,0.000000999
33,4096,0.000001099
34,4096,0.000001100
35,4096,0.000000958
36,4096,0.000000973
37,4096,0.000001015
38,4096,0.000000975
39,4096,0.000001024
40,4096,0.000001118
41,4096,0.000001013
42,4096,0.000001195
43,4096,0.000000987
44,4096,0.000001016
45,4096,0.000000963
46,4096,0.000000995
47,4096,0.000000977
48,4096,0.000000978
49,4096,0.000000997
50,4096,0.000001578
51,4096,0.000000995
52,4096,0.000000994
53,4096,0.000001041
54,4096,0.000001042
55,4096,0.000000977
56,4096,0.000000960
57,4096,0.000000989
58,4096,0.000000985
59,4096,0.000000971
60,4096,0.000000968
61,4096,0.000000980
62,4096,0.000000963
63,4096,0.000000996
64,4096,0.000001015
65,4096,0.000001027
66,4096,0.000000976
67,4096,0.000001028
68,4096,0.000001013
69,4096,0.000000994
70,4096,0.000000955
71,4096,0.000000943
72,4096,0.000000939
73,4096,0.000000976
74,4096,0.000000968
75,4096,0.000000947
76,4096,0.000001015
77,4096,0.000000972
78,4096,0.000000981
79,4096,0.000000983
80,4096,0.000005073
81,4096,0.000004511
82,4096,0.000004485
83,4096,0.000005246
84,4096,0.000004920
85,4096,0.000004406
86,4096,0.000004626
87,4096,0.000004631
88,4096,0.000004914
89,4096,0.000004567
90,4096,0.000004569
91,4096,0.000004704
92,4096,0.000004454
93,4096,0.000004653
94,4096,0.000004484
95,4096,0.000004822
96,4096,0.000004971
97,4096,0.000004681
98,4096,0.000004601
99,4096,0.000004543
0,4352,0.000001682
1,4352,0.000001039
2,4352,0.000001053
3,4352,0.000001185
4,4352,0.000001048
5,4352,0.000001105
6,4352,0.000001016
7,4352,0.000001168
8,4352,0.000000998
9,4352,0.000001149
10,4352,0.000001044
11,4352,0.000001188
12,4352,0.000001131
13,4352,0.000001043
14,4352,0.000001062
15,4352,0.000001247
16,4352,0.000001024
17,4352,0.000001131
18,4352,0.000001060
19,4352,0.000001203
20,4352,0.000001027
21,4352,0.000001142
22,4352,0.000001048
23,4352,0.000001156
24,4352,0.000001051
25,4352,0.000001160
26,4352,0.000001181
27,4352,0.000001047
28,4352,0.000001161
29,4352,0.000001040
30,4352,0.000001222
31,4352,0.000001032
32,4352,0.000001181
33,4352,0.000001300
34,4352,0.000001036
35,4352,0.000001135
36,4352,0.000001192
37,4352,0.000001200
38,4352,0.000001068
39,4352,0.000001213
40,4352,0.000001022
41,4352,0.000001191
42,4352,0.000001049
43,4352,0.000001123
44,4352,0.000001189
45,4352,0.000001025
46,4352,0.000001192
47,4352,0.000001069
48,4352,0.000001200
49,4352,0.000001041
50,4352,0.000001202
51,4352,0.000001000
52,4352,0.000001193
53,4352,0.000001102
54,4352,0.000001204
55,4352,0.000001039
56,4352,0.000001064
57,4352,0.000001150
58,4352,0.000001039
59,4352,0.000001178
60,4352,0.000001063
61,4352,0.000001175
62,4352,0.000001070
63,4352,0.000001166
64,4352,0.000001035
65,4352,0.000001352
66,4352,0.000001075
67,4352,0.000001133
68,4352,0.000001022
69,4352,0.000001266
70,4352,0.000001107
71,4352,0.000001115
72,4352,0.000001053
73,4352,0.000001219
74,4352,0.000004682
75,4352,0.000004880
76,4352,0.000004630
77,4352,0.000004843
78,4352,0.000004702
79,4352,0.000004819
80,4352,0.000004626
81,4352,0.000004686
82,4352,0.000005459
83,4352,0.000004708
84,4352,0.000004616
85,4352,0.000004840
86,4352,0.000004644
87,4352,0.000006312
88,4352,0.000004711
89,4352,0.000004445
90,4352,0.000004619
91,4352,0.000004806
92,4352,0.000004592
93,4352,0.000004794
94,4352,0.000004625
95,4352,0.000004849
96,4352,0.000004734
97,4352,0.000004839
98,4352,0.000004741
99,4352,0.000005778
0,4608,0.000001076
1,4608,0.000001184
2,4608,0.000001054
3,4608,0.000001186
4,4608,0.000001008
5,4608,0.000001230
6,4608,0.000001096
7,4608,0.000001165
8,4608,0.000001032
9,4608,0.000001157
10,4608,0.000001043
11,4608,0.000001142
12,4608,0.000001060
13,4608,0.000001151
14,4608,0.000001063
15,4608,0.000001151
16,4608,0.000001034
17,4608,0.000002000
18,4608,0.000001047
19,4608,0.000001040
20,4608,0.000001039
21,4608,0.000001070
22,4608,0.000001040
23,4608,0.000001062
24,4608,0.000001133
25,4608,0.000001041
26,4608,0.000001158
27,4608,0.000001085
28,4608,0.000001335
29,4608,0.000001195
30,4608,0.000001034
31,4608,0.000001223
32,4608,0.000001041
33,4608,0.000001179
34,4608,0.000001059
35,4608,0.000001176
36,4608,0.000001037
37,4608,0.000001147
38,4608,0.000001034
39,4608,0.000001056
40,4608,0.000001011
41,4608,0.000000995
42,4608,0.000001039
43,4608,0.000001091
44,4608,0.000001000
45,4608,0.000001328
46,4608,0.000001038
47,4608,0.000001160
48,4608,0.000010637
49,4608,0.000001185
50,4608,0.000001081
51,4608,0.000001130
52,4608,0.000001135
53,4608,0.000001086
54,4608,0.000001138
55,4608,0.000001048
56,4608,0.000001018
57,4608,0.000001025
58,4608,0.000001109
59,4608,0.000001033
60,4608,0.000001079
61,4608,0.000001055
62,4608,0.000001046
63,4608,0.000000994
64,4608,0.000001084
65,4608,0.000001081
66,4608,0.000001058
67,4608,0.000004962
68,4608,0.000004649
69,4608,0.000004519
70,4608,0.000004805
71,4608,0.000004559
72,4608,0.000004541
73,4608,0.000004725
74,4608,0.000004608
75,4608,0.000004931
76,4608,0.000004529
77,4608,0.000005304
78,4608,0.000004472
79,4608,0.000004820
80,4608,0.000004639
81,4608,0.000004818
82,4608,0.000004791
83,4608,0.000004836
84,4608,0.000005432
85,4608,0.000004829
86,4608,0.000004613
87,4608,0.000004671
88,4608,0.000004646
89,4608,0.000004751
90,4608,0.000004673
91,4608,0.000006751
92,4608,0.000004760
93,4608,0.000004594
94,4608,0.000004528
95,4608,0.000004581
96,4608,0.000004355
97,4608,0.000004747
98,4608,0.000004613
99,4608,0.000004723
0,4864,0.000001150
1,4864,0.000001174
2,4864,0.000001188
3,4864,0.000001169
4,4864,0.000001226
5,4864,0.000001094
6,4864,0.000001275
7,4864,0.000001100
8,4864,0.000001923
9,4864,0.000001275
10,4864,0.000001185
11,4864,0.000001084
12,4864,0.000001280
13,4864,0.000001119
14,4864,0.000001269
15,4864,0.000001081
16,4864,0.000001418
17,4864,0.000001110
18,4864,0.000001178
19,4864,0.000001159
20,4864,0.000001502
21,4864,0.000001136
22,4864,0.000002010
23,4864,0.000001090
24,4864,0.000001292
25,4864,0.000001084
26,4864,0.000001256
27,4864,0.000001119
28,4864,0.000001269
29,4864,0.000001230
30,4864,0.000017121
31,4864,0.000001219
32,4864,0.000001111
33,4864,0.000001224
34,4864,0.000001166
35,4864,0.000001262
36,4864,0.000001114
37,4864,0.000001141
38,4864,0.000001256
39,4864,0.000001126
40,4864,0.000001274
41,4864,0.000001150
42,4864,0.000001235
43,4864,0.000001080
44,4864,0.000001207
45,4864,0.000001070
46,4864,0.000001305
47,4864,0.000001224
48,4864,0.000001160
49,4864,0.000001224
50,4864,0.000001137
51,4864,0.000001261
52,4864,0.000001097
53,4864,0.000001221
54,4864,0.000001126
55,4864,0.000001299
56,4864,0.000001121
57,4864,0.000002024
58,4864,0.000001156
59,4864,0.000001260
60,4864,0.000001138
61,4864,0.000004788
62,4864,0.000004714
63,4864,0.000004485
64,4864,0.000006983
65,4864,0.000004889
66,4864,0.000004581
67,4864,0.000005220
68,4864,0.000004821
69,4864,0.000004826
70,4864,0.000004918
71,4864,0.000004748
72,4864,0.000004501
73,4864,0.000004739
74,4864,0.000004936
75,4864,0.000004939
76,4864,0.000004897
77,4864,0.000004779
78,4864,0.000004863
79,4864,0.000004749
80,4864,0.000004755
81,4864,0.000004760
82,4864,0.000004537
83,4864,0.000004721
84,4864,0.000004447
85,4864,0.000004712
86,4864,0.000004690
87,4864,0.000004809
88,4864,0.000004626
89,4864,0.000004684
90,4864,0.000004845
91,4864,0.000004897
92,4864,0.000004802
93,4864,0.000004794
94,4864,0.000004632
95,4864,0.000004584
96,4864,0.000004811
97,4864,0.000004769
98,4864,0.000004869
99,4864,0.000004920
0,5120,0.000001245
1,5120,0.000001118
2,5120,0.000001307
3,5120,0.000001102
4,5120,0.000001224
5,5120,0.000001784
6,5120,0.000001178
7,5120,0.000001252
8,5120,0.000001236
9,5120,0.000001292
10,5120,0.000001181
11,5120,0.000001147
12,5120,0.000001222
13,5120,0.000001490
14,5120,0.000001142
15,5120,0.000001309
16,5120,0.000001223
17,5120,0.000001071
18,5120,0.000001266
19,5120,0.000001151
20,5120,0.000001300
21,5120,0.000001308
22,5120,0.000001225
23,5120,0.000001132
24,5120,0.000001277
25,5120,0.000001119
26,5120,0.000001226
27,5120,0.000001123
28,5120,0.000001247
29,5120,0.000001118
30,5120,0.000001279
31,5120,0.000001257
32,5120,0.000001192
33,5120,0.000001252
34,5120,0.000001154
35,5120,0.000001135
36,5120,0.000001147
37,5120,0.000001199
38,5120,0.000001141
39,5120,0.000001209
40,5120,0.000001183
41,5120,0.000001246
42,5120,0.000001096
43,5120,0.000001187
44,5120,0.000001123
45,5120,0.000001239
46,5120,0.000001123
47,5120,0.000001272
48,5120,0.000001109
49,5120,0.000001243
50,5120,0.000001163
51,5120,0.000001258
52,5120,0.000001108
53,5120,0.000001234
54,5120,0.000004873
55,5120,0.000004727
56,5120,0.000004843
57,5120,0.000007299
58,5120,0.000004790
59,5120,0.000004937
60,5120,0.000004482
61,5120,0.000004750
62,5120,0.000004629
63,5120,0.000004866
64,5120,0.000004647
65,5120,0.000004963
66,5120,0.000005155
67,5120,0.000004766
68,5120,0.000004523
69,5120,0.000004500
70,5120,0.000004697
71,5120,0.000004840
72,5120,0.000004855
73,5120,0.000004834
74,5120,0.000004936
75,5120,0.000004604
76,5120,0.000004831
77,5120,0.000004700
78,5120,0.000004618
79,5120,0.000004622
80,5120,0.000004872
81,5120,0.000006396
82,5120,0.000004859
83,5120,0.000004865
84,5120,0.000004856
85,5120,0.000005052
86,5120,0.000004737
87,5120,0.000004956
88,5120,0.000005018
89,5120,0.000004839
90,5120,0.000004719
91,5120,0.000005017
92,5120,0.000004856
93,5120,0.000004839
94,5120,0.000004859
95,5120,0.000004829
96,5120,0.000004740
97,5120,0.000004702
98,5120,0.000004905
99,5120,0.000004841
0,5376,0.000001102
1,5376,0.000001225
2,5376,0.000001153
3,5376,0.000001248
4,5376,0.000001160
5,5376,0.000001263
6,5376,0.000001128
7,5376,0.000001235
8,5376,0.000001753
9,5376,0.000001259
10,5376,0.000001087
11,5376,0.000001267
12,5376,0.000001116
13,5376,0.000001180
14,5376,0.000001159
15,5376,0.000001225
16,5376,0.000001109
17,5376,0.000001293
18,5376,0.000001109
19,5376,0.000001233
20,5376,0.000001190
21,5376,0.000001297
22,5376,0.000001671
23,5376,0.000001213
24,5376,0.000001092
25,5376,0.000001242
26,5376,0.000001165
27,5376,0.000001337
28,5376,0.000001089
29,5376,0.000001267
30,5376,0.000001118
31,5376,0.000001184
32,5376,0.000001190
33,5376,0.000001271
34,5376,0.000001200
35,5376,0.000001138
36,5376,0.000001847
37,5376,0.000001264
38,5376,0.000001191
39,5376,0.000001101
40,5376,0.000001271
41,5376,0.000001124
42,5376,0.000001247
43,5376,0.000001117
44,5376,0.000001099
45,5376,0.000001232
46,5376,0.000001131
47,5376,0.000001263
48,5376,0.000004973
49,5376,0.000004715
50,5376,0.000006489
51,5376,0.000004923
52,5376,0.000004801
53,5376,0.000004979
54,5376,0.000004753
55,5376,0.000004836
56,5376,0.000004953
57,5376,0.000006685
58,5376,0.000004910
59,5376,0.000005012
60,5376,0.000004825
61,5376,0.000004645
62,5376,0.000004880
63,5376,0.000004803
64,5376,0.000005004
65,5376,0.000004962
66,5376,0.000004761
67,5376,0.000004998
68,5376,0.000004760
69,5376,0.000005058
70,5376,0.000004919
71,5376,0.000005628
72,5376,0.000016234
73,5376,0.000004959
74,5376,0.000004732
75,5376,0.000005022
76,5376,0.000004957
77,5376,0.000004810
78,5376,0.000005646
79,5376,0.000004991
80,5376,0.000005224
81,5376,0.000005110
82,5376,0.000005042
83,5376,0.000004923
84,5376,0.000004745
85,5376,0.000004608
86,5376,0.000004875
87,5376,0.000005161
88,5376,0.000004733
89,5376,0.000004890
90,5376,0.000005041
91,5376,0.000004929
92,5376,0.000004945
93,5376,0.000004842
94,5376,0.000004844
95,5376,0.000004701
96,5376,0.000004649
97,5376,0.000004853
98,5376,0.000006791
99,5376,0.000004782
0,5632,0.000001187
1,5632,0.000001112
2,5632,0.000001248
3,5632,0.000001179
4,5632,0.000001163
5,5632,0.000001671
6,5632,0.000001272
7,5632,0.000001131
8,5632,0.000001220
9,5632,0.000001107
10,5632,0.000001198
11,5632,0.000001125
12,5632,0.000001811
13,5632,0.000001132
14,5632,0.000001230
15,5632,0.000001370
16,5632,0.000001334
17,5632,0.000001301
18,5632,0.000001258
19,5632,0.000001255
20,5632,0.000001188
21,5632,0.000001253
22,5632,0.000001203
23,5632,0.000001246
24,5632,0.000001225
25,5632,0.000001310
26,5632,0.000001208
27,5632,0.000001282
28,5632,0.000001125
29,5632,0.000001256
30,5632,0.000001073
31,5632,0.000001261
32,5632,0.000001132
33,5632,0.000001262
34,5632,0.000001235
35,5632,0.000001305
36,5632,0.000001270
37,5632,0.000001237
38,5632,0.000001199
39,5632,0.000001326
40,5632,0.000001192
41,5632,0.000001230
42,5632,0.000004804
43,5632,0.000005050
44,5632,0.000004656
45,5632,0.000004762
46,5632,0.000005195
47,5632,0.000004905
48,5632,0.000004676
49,5632,0.000004653
50,5632,0.000005038
51,5632,0.000004872
52,5632,0.000016688
53,5632,0.000004890
54,5632,0.000004816
55,5632,0.000004587
56,5632,0.000004853
57,5632,0.000004699
58,5632,0.000004864
59,5632,0.000004990
60,5632,0.000004775
61,5632,0.000004723
62,5632,0.000004776
63,5632,0.000004845
64,5632,0.000004638
65,5632,0.000004632
66,5632,0.000004777
67,5632,0.000004898
68,5632,0.000005265
69,5632,0.000004656
70,5632,0.000005625
71,5632,0.000005084
72,5632,0.000004764
73,5632,0.000004647
74,5632,0.000004677
75,5632,0.000004843
76,5632,0.000005053
77,5632,0.000004825
78,5632,0.000005009
79,5632,0.000004624
80,5632,0.000004885
81,5632,0.000016553
82,5632,0.000004956
83,5632,0.000004791
84,5632,0.000005217
85,5632,0.000004806
86,5632,0.000004986
87,5632,0.000006761
88,5632,0.000004708
89,5632,0.000004665
90,5632,0.000004716
91,5632,0.000004967
92,5632,0.000004882
93,5632,0.000004942
94,5632,0.000004893
95,5632,0.000004813
96,5632,0.000004671
97,5632,0.000006766
98,5632,0.000004826
99,5632,0.000004949
0,5888,0.000001347
1,5888,0.000001176
2,5888,0.000001324
3,5888,0.000001145
4,5888,0.000001258
5,5888,0.000001289
6,5888,0.000001217
7,5888,0.000001291
8,5888,0.000001179
9,5888,0.000001127
10,5888,0.000001170
11,5888,0.000001144
12,5888,0.000001172
13,5888,0.000001174
14,5888,0.000001181
15,5888,0.000001228
16,5888,0.000001238
17,5888,0.000001168
18,5888,0.000001186
19,5888,0.000001173
20,5888,0.000001223
21,5888,0.000001253
22,5888,0.000001170
23,5888,0.000001219
24,5888,0.000001460
25,5888,0.000001133
26,5888,0.000001150
27,5888,0.000001152
28,5888,0.000001129
29,5888,0.000001175
30,5888,0.000001194
31,5888,0.000001235
32,5888,0.000001178
33,5888,0.000001213
34,5888,0.000001218
35,5888,0.000005045
36,5888,0.000004712
37,5888,0.000004878
38,5888,0.000004759
39,5888,0.000004804
40,5888,0.000006502
41,5888,0.000004790
42,5888,0.000004830
43,5888,0.000005421
44,5888,0.000004542
45,5888,0.000004794
46,5888,0.000004962
47,5888,0.000005023
48,5888,0.000004825
49,5888,0.000005003
50,5888,0.000004803
51,5888,0.000004599
52,5888,0.000004880
53,5888,0.000005381
54,5888,0.000004527
55,5888,0.000004843
56,5888,0.000004751
57,5888,0.000004894
58,5888,0.000004700
59,5888,0.000004753
60,5888,0.000004700
61,5888,0.000004649
62,5888,0.000004898
63,5888,0.000004770
64,5888,0.000006939
65,5888,0.000004714
66,5888,0.000004831
67,5888,0.000004687
68,5888,0.000004923
69,5888,0.000004947
70,5888,0.000004774
71,5888,0.000004760
72,5888,0.000004744
73,5888,0.000004773
74,5888,0.000004486
75,5888,0.000004783
76,5888,0.000004617
77,5888,0.000004801
78,5888,0.000005236
79,5888,0.000004710
80,5888,0.000004849
81,5888,0.000004742
82,5888,0.000004838
83,5888,0.000004777
84,5888,0.000005003
85,5888,0.000004900
86,5888,0.000004498
87,5888,0.000004739
88,5888,0.000005233
89,5888,0.000004845
90,5888,0.000005003
91,5888,0.000004836
92,5888,0.000004872
93,5888,0.000004870
94,5888,0.000004718
95,5888,0.000004595
96,5888,0.000004798
97,5888,0.000005184
98,5888,0.000005092
99,5888,0.000004746
0,6144,0.000001210
1,6144,0.000001243
2,6144,0.000001189
3,6144,0.000001351
4,6144,0.000001227
5,6144,0.000001235
6,6144,0.000001195
7,6144,0.000001652
8,6144,0.000001267
9,6144,0.000001229
10,6144,0.000001177
11,6144,0.000001283
12,6144,0.000001302
13,6144,0.000001160
14,6144,0.000001214
15,6144,0.000001163
16,6144,0.000001168
17,6144,0.000001152
18,6144,0.000001158
19,6144,0.000001195
20,6144,0.000001239
21,6144,0.000001167
22,6144,0.000002846
23,6144,0.000001214
24,6144,0.000001243
25,6144,0.000001181
26,6144,0.000001148
27,6144,0.000001164
28,6144,0.000002472
29,6144,0.000004961
30,6144,0.000005181
31,6144,0.000004943
32,6144,0.000004756
33,6144,0.000004625
34,6144,0.000004819
35,6144,0.000004716
36,6144,0.000004880
37,6144,0.000004735
38,6144,0.000004943
39,6144,0.000005248
40,6144,0.000004832
41,6144,0.000004813
42,6144,0.000004704
43,6144,0.000004782
44,6144,0.000005114
45,6144,0.000004682
46,6144,0.000004960
47,6144,0.000005511
48,6144,0.000004991
49,6144,0.000004952
50,6144,0.000004960
51,6144,0.000004910
52,6144,0.000004986
53,6144,0.000004939
54,6144,0.000004637
55,6144,0.000004923
56,6144,0.000004845
57,6144,0.000004933
58,6144,0.000004863
59,6144,0.000004872
60,6144,0.000005410
61,6144,0.000004779
62,6144,0.000004807
63,6144,0.000004723
64,6144,0.000004935
65,6144,0.000005199
66,6144,0.000004877
67,6144,0.000004726
68,6144,0.000004908
69,6144,0.000004832
70,6144,0.000004952
71,6144,0.000004771
72,6144,0.000004956
73,6144,0.000004671
74,6144,0.000004456
75,6144,0.000007026
76,6144,0.000004750
77,6144,0.000004940
78,6144,0.000005263
79,6144,0.000004879
80,6144,0.000005130
81,6144,0.000004886
82,6144,0.000004540
83,6144,0.000004743
84,6144,0.000004690
85,6144,0.000004754
86,6144,0.000004544
87,6144,0.000004984
88,6144,0.000005000
89,6144,0.000004995
90,6144,0.000005172
91,6144,0.000004899
92,6144,0.000004793
93,6144,0.000004938
94,6144,0.000004840
95,6144,0.000004988
96,6144,0.000004835
97,6144,0.000004877
98,6144,0.000005079
99,6144,0.000004590
0,6400,0.000001229
1,6400,0.000001170
2,6400,0.000001178
3,6400,0.000001229
4,6400,0.000001238
5,6400,0.000001189
6,6400,0.000001189
7,6400,0.000001166
8,6400,0.000001146
9,6400,0.000001181
10,6400,0.000001248
11,6400,0.000001184
12,6400,0.000001158
13,6400,0.000001180
14,6400,0.000001233
15,6400,0.000001155
16,6400,0.000001192
17,6400,0.000001263
18,6400,0.000001182
19,6400,0.000001202
20,6400,0.000001181
21,6400,0.000001203
22,6400,0.000005148
23,6400,0.000004900
24,6400,0.000004656
25,6400,0.000004931
26,6400,0.000004885
27,6400,0.000004764
28,6400,0.000004584
29,6400,0.000004980
30,6400,0.000004813
31,6400,0.000004510
32,6400,0.000004631
33,6400,0.000004884
34,6400,0.000005081
35,6400,0.000004661
36,6400,0.000004885
37,6400,0.000004892
38,6400,0.000006588
39,6400,0.000004825
40,6400,0.000004873
41,6400,0.000004867
42,6400,0.000004941
43,6400,0.000004830
44,6400,0.000004966
45,6400,0.000005632
46,6400,0.000004847
47,6400,0.000004936
48,6400,0.000004918
49,6400,0.000004745
50,6400,0.000004782
51,6400,0.000004609
52,6400,0.000004987
53,6400,0.000004711
54,6400,0.000004920
55,6400,0.000004923
56,6400,0.000004882
57,6400,0.000004949
58,6400,0.000005007
59,6400,0.000004790
60,6400,0.000004463
61,6400,0.000004851
62,6400,0.000004849
63,6400,0.000004804
64,6400,0.000004848
65,6400,0.000004867
66,6400,0.000005134
67,6400,0.000004716
68,6400,0.000005661
69,6400,0.000004654
70,6400,0.000004893
71,6400,0.000004832
72,6400,0.000004873
73,6400,0.000004744
74,6400,0.000004663
75,6400,0.000005357
76,6400,0.000004822
77,6400,0.000005239
78,6400,0.000004936
79,6400,0.000004865
80,6400,0.000004824
81,6400,0.000004612
82,6400,0.000004730
83,6400,0.000004998
84,6400,0.000004512
85,6400,0.000004805
86,6400,0.000004934
87,6400,0.000004780
88,6400,0.000005024
89,6400,0.000005196
90,6400,0.000005011
91,6400,0.000004711
92,6400,0.000004877
93,6400,0.000004864
94,6400,0.000004628
95,6400,0.000004746
96,6400,0.000004855
97,6400,0.000004749
98,6400,0.000004964
99,6400,0.000004862
0,6656,0.000001302
1,6656,0.000001264
2,6656,0.000001201
3,6656,0.000001157
4,6656,0.000001200
5,6656,0.000001251
6,6656,0.000001126
7,6656,0.000001174
8,6656,0.000001227
9,6656,0.000001184
10,6656,0.000001176
11,6656,0.000001173
12,6656,0.000001227
13,6656,0.000001238
14,6656,0.000001133
15,6656,0.000001922
16,6656,0.000005450
17,6656,0.000004872
18,6656,0.000004708
19,6656,0.000004803
20,6656,0.000004938
21,6656,0.000004973
22,6656,0.000004877
23,6656,0.000004891
24,6656,0.000004662
25,6656,0.000005030
26,6656,0.000004593
27,6656,0.000004829
28,6656,0.000004847
29,6656,0.000004840
30,6656,0.000004799
31,6656,0.000005620
32,6656,0.000004877
33,6656,0.000004775
34,6656,0.000006347
35,6656,0.000004564
36,6656,0.000004737
37,6656,0.000004834
38,6656,0.000004706
39,6656,0.000004744
40,6656,0.000005255
41,6656,0.000005128
42,6656,0.000004659
43,6656,0.000004705
44,6656,0.000004985
45,6656,0.000004598
46,6656,0.000005124
47,6656,0.000007403
48,6656,0.000004984
49,6656,0.000005149
50,6656,0.000004895
51,6656,0.000004857
52,6656,0.000004801
53,6656,0.000004801
54,6656,0.000004701
55,6656,0.000004694
56,6656,0.000004685
57,6656,0.000006697
58,6656,0.000004662
59,6656,0.000004812
60,6656,0.000004935
61,6656,0.000004590
62,6656,0.000004962
63,6656,0.000004832
64,6656,0.000004921
65,6656,0.000004870
66,6656,0.000004916
67,6656,0.000004779
68,6656,0.000005086
69,6656,0.000005185
70,6656,0.000004719
71,6656,0.000016276
72,6656,0.000004937
73,6656,0.000005012
74,6656,0.000004704
75,6656,0.000004580
76,6656,0.000005058
77,6656,0.000004425
78,6656,0.000004944
79,6656,0.000004930
80,6656,0.000004955
81,6656,0.000004949
82,6656,0.000004983
83,6656,0.000005100
84,6656,0.000004729
85,6656,0.000004839
86,6656,0.000004990
87,6656,0.000004897
88,6656,0.000004964
89,6656,0.000004573
90,6656,0.000004760
91,6656,0.000004775
92,6656,0.000005396
93,6656,0.000004891
94,6656,0.000004826
95,6656,0.000004978
96,6656,0.000004784
97,6656,0.000004790
98,6656,0.000004741
99,6656,0.000004752
0,6912,0.000001259
1,6912,0.000001221
2,6912,0.000001244
3,6912,0.000001245
4,6912,0.000001168
5,6912,0.000001225
6,6912,0.000001206
7,6912,0.000001238
8,6912,0.000001234
9,6912,0.000001278
10,6912,0.000004767
11,6912,0.000004907
12,6912,0.000005032
13,6912,0.000006489
14,6912,0.000004772
15,6912,0.000007036
16,6912,0.000005438
17,6912,0.000004854
18,6912,0.000005222
19,6912,0.000005034
20,6912,0.000005023
21,6912,0.000004828
22,6912,0.000004903
23,6912,0.000005359
24,6912,0.000004861
25,6912,0.000004735
26,6912,0.000005802
27,6912,0.000005217
28,6912,0.000005088
29,6912,0.000004807
30,6912,0.000005807
31,6912,0.000004821
32,6912,0.000004715
33,6912,0.000004788
34,6912,0.000004825
35,6912,0.000004924
36,6912,0.000005438
37,6912,0.000004618
38,6912,0.000004931
39,6912,0.000004840
40,6912,0.000004693
41,6912,0.000004879
42,6912,0.000004910
43,6912,0.000005020
44,6912,0.000004896
45,6912,0.000005293
46,6912,0.000005272
47,6912,0.000004761
48,6912,0.000004987
49,6912,0.000005047
50,6912,0.000005007
51,6912,0.000004839
52,6912,0.000004895
53,6912,0.000004959
54,6912,0.000006308
55,6912,0.000004894
56,6912,0.000004885
57,6912,0.000004594
58,6912,0.000005114
59,6912,0.000004707
60,6912,0.000004835
61,6912,0.000005012
62,6912,0.000004796
63,6912,0.000006085
64,6912,0.000004907
65,6912,0.000004852
66,6912,0.000004663
67,6912,0.000005477
68,6912,0.000004990
69,6912,0.000004893
70,6912,0.000004758
71,6912,0.000004909
72,6912,0.000004728
73,6912,0.000004986
74,6912,0.000004755
75,6912,0.000004783
76,6912,0.000004788
77,6912,0.000004952
78,6912,0.000004860
79,6912,0.000004614
80,6912,0.000004814
81,6912,0.000005308
82,6912,0.000004825
83,6912,0.000007585
84,6912,0.000004882
85,6912,0.000005025
86,6912,0.000007289
87,6912,0.000004861
88,6912,0.000004827
89,6912,0.000005258
90,6912,0.000004885
91,6912,0.000005057
92,6912,0.000004954
93,6912,0.000005145
94,6912,0.000004654
95,6912,0.000005021
96,6912,0.000004955
97,6912,0.000004964
98,6912,0.000004754
99,6912,0.000005160
0,7168,0.000001173
1,7168,0.000001276
2,7168,0.000001178
3,7168,0.000005511
4,7168,0.000004863
5,7168,0.000004765
6,7168,0.000004582
7,7168,0.000005301
8,7168,0.000004889
9,7168,0.000004941
10,7168,0.000004988
11,7168,0.000004648
12,7168,0.000004643
13,7168,0.000007050
14,7168,0.000004959
15,7168,0.000004824
16,7168,0.000004912
17,7168,0.000006038
18,7168,0.000004709
19,7168,0.000004850
20,7168,0.000005307
21,7168,0.000005029
22,7168,0.000004718
23,7168,0.000005251
24,7168,0.000004707
25,7168,0.000004853
26,7168,0.000005338
27,7168,0.000004846
28,7168,0.000004692
29,7168,0.000004915
30,7168,0.000004898
31,7168,0.000004680
32,7168,0.000004940
33,7168,0.000004582
34,7168,0.000004875
35,7168,0.000004827
36,7168,0.000004722
37,7168,0.000004779
38,7168,0.000004876
39,7168,0.000005006
40,7168,0.000005014
41,7168,0.000004842
42,7168,0.000005131
43,7168,0.000005359
44,7168,0.000004751
45,7168,0.000004457
46,7168,0.000004832
47,7168,0.000004844
48,7168,0.000005326
49,7168,0.000005056
50,7168,0.000004970
51,7168,0.000005131
52,7168,0.000005095
53,7168,0.000004793
54,7168,0.000004987
55,7168,0.000004776
56,7168,0.000004957
57,7168,0.000004868
58,7168,0.000004938
59,7168,0.000004736
60,7168,0.000005026
61,7168,0.000004985
62,7168,0.000004830
63,7168,0.000005229
64,7168,0.000005407
65,7168,0.000004817
66,7168,0.000004695
67,7168,0.000004994
68,7168,0.000004941
69,7168,0.000005003
70,7168,0.000005097
71,7168,0.000005070
72,7168,0.000004772
73,7168,0.000005151
74,7168,0.000004669
75,7168,0.000004972
76,7168,0.000004847
77,7168,0.000004684
78,7168,0.000004912
79,7168,0.000005021
80,7168,0.000004835
81,7168,0.000005029
82,7168,0.000004851
83,7168,0.000005022
84,7168,0.000004773
85,7168,0.000004696
86,7168,0.000004786
87,7168,0.000004645
88,7168,0.000004588
89,7168,0.000112634
90,7168,0.000004688
91,7168,0.000004881
92,7168,0.000004992
93,7168,0.000004751
94,7168,0.000004713
95,7168,0.000004729
96,7168,0.000005168
97,7168,0.000004970
98,7168,0.000004707
99,7168,0.000005006
0,7424,0.000001291
1,7424,0.000001219
2,7424,0.000001275
3,7424,0.000002000
4,7424,0.000001236
5,7424,0.000001207
6,7424,0.000001258
7,7424,0.000001310
8,7424,0.000001273
9,7424,0.000001329
10,7424,0.000001298
11,7424,0.000001186
12,7424,0.000001283
13,7424,0.000002267
14,7424,0.000001295
15,7424,0.000001211
16,7424,0.000001261
17,7424,0.000001238
18,7424,0.000001263
19,7424,0.000001299
20,7424,0.000001854
21,7424,0.000001187
22,7424,0.000001219
23,7424,0.000001242
24,7424,0.000001266
25,7424,0.000001214
26,7424,0.000001212
27,7424,0.000001410
28,7424,0.000001268
29,7424,0.000001352
30,7424,0.000001744
31,7424,0.000001275
32,7424,0.000001269
33,7424,0.000002348
34,7424,0.000001310
35,7424,0.000001254
36,7424,0.000001297
37,7424,0.000001224
38,7424,0.000001275
39,7424,0.000001231
40,7424,0.000001293
41,7424,0.000001285
42,7424,0.000001744
43,7424,0.000001227
44,7424,0.000001263
45,7424,0.000001267
46,7424,0.000001214
47,7424,0.000001260
48,7424,0.000001271
49,7424,0.000001272
50,7424,0.000001915
51,7424,0.000001435
52,7424,0.000001342
53,7424,0.000001360
54,7424,0.000001284
55,7424,0.000001244
56,7424,0.000001241
57,7424,0.000001257
58,7424,0.000001318
59,7424,0.000001245
60,7424,0.000001258
61,7424,0.000001229
62,7424,0.000001208
63,7424,0.000001252
64,7424,0.000001304
65,7424,0.000001195
66,7424,0.000001228
67,7424,0.000001210
68,7424,0.000001248
69,7424,0.000001256
70,7424,0.000001246
71,7424,0.000001253
72,7424,0.000001249
73,7424,0.000001247
74,7424,0.000001198
75,7424,0.000001266
76,7424,0.000001332
77,7424,0.000001257
78,7424,0.000001283
79,7424,0.000001299
80,7424,0.000001324
81,7424,0.000001266
82,7424,0.000001246
83,7424,0.000001388
84,7424,0.000001295
85,7424,0.000001314
86,7424,0.000001251
87,7424,0.000001263
88,7424,0.000001332
89,7424,0.000001214
90,7424,0.000001273
91,7424,0.000001195
92,7424,0.000001188
93,7424,0.000001251
94,7424,0.000001322
95,7424,0.000001220
96,7424,0.000001229
97,7424,0.000001257
98,7424,0.000001238
99,7424,0.000004684
0,7680,0.000001241
1,7680,0.000001257
2,7680,0.000001306
3,7680,0.000001230
4,7680,0.000001276
5,7680,0.000001320
6,7680,0.000001252
7,7680,0.000001288
8,7680,0.000001304
9,7680,0.000001237
10,7680,0.000001290
11,7680,0.000001267
12,7680,0.000001212
13,7680,0.000001285
14,7680,0.000001263
15,7680,0.000001335
16,7680,0.000001244
17,7680,0.000001414
18,7680,0.000001317
19,7680,0.000001239
20,7680,0.000001253
21,7680,0.000001229
22,7680,0.000001247
23,7680,0.000001280
24,7680,0.000001298
25,7680,0.000001253
26,7680,0.000001276
27,7680,0.000001224
28,7680,0.000001275
29,7680,0.000001255
30,7680,0.000001231
31,7680,0.000001224
32,7680,0.000001332
33,7680,0.000001252
34,7680,0.000001268
35,7680,0.000001239
36,7680,0.000001229
37,7680,0.000001311
38,7680,0.000001257
39,7680,0.000001201
40,7680,0.000001325
41,7680,0.000001263
42,7680,0.000001229
43,7680,0.000001337
44,7680,0.000001235
45,7680,0.000001260
46,7680,0.000001259
47,7680,0.000001252
48,7680,0.000001229
49,7680,0.000001356
50,7680,0.000001383
51,7680,0.000001945
52,7680,0.000001224
53,7680,0.000001238
54,7680,0.000001247
55,7680,0.000001258
56,7680,0.000001228
57,7680,0.000001199
58,7680,0.000001304
59,7680,0.000001306
60,7680,0.000001369
61,7680,0.000001354
62,7680,0.000001231
63,7680,0.000001283
64,7680,0.000001262
65,7680,0.000001490
66,7680,0.000001274
67,7680,0.000001354
68,7680,0.000001399
69,7680,0.000001317
70,7680,0.000001248
71,7680,0.000001244
72,7680,0.000001894
73,7680,0.000001394
74,7680,0.000001288
75,7680,0.000001256
76,7680,0.000001648
77,7680,0.000001279
78,7680,0.000001337
79,7680,0.000001324
80,7680,0.000001204
81,7680,0.000001280
82,7680,0.000001274
83,7680,0.000001310
84,7680,0.000001307
85,7680,0.000001267
86,7680,0.000001241
87,7680,0.000001273
88,7680,0.000001271
89,7680,0.000001293
90,7680,0.000001230
91,7680,0.000001291
92,7680,0.000001277
93,7680,0.000004987
94,7680,0.000005038
95,7680,0.000005072
96,7680,0.000005070
97,7680,0.000005129
98,7680,0.000007891
99,7680,0.000005016
0,7936,0.000001183
1,7936,0.000001117
2,7936,0.000001135
3,7936,0.000001164
4,7936,0.000001155
5,7936,0.000001143
6,7936,0.000001120
7,7936,0.000001152
8,7936,0.000001141
9,7936,0.000001272
10,7936,0.000001106
11,7936,0.000001256
12,7936,0.000001165
13,7936,0.000001304
14,7936,0.000001097
15,7936,0.000001253
16,7936,0.000001121
17,7936,0.000001134
18,7936,0.000001123
19,7936,0.000001106
20,7936,0.000001114
21,7936,0.000001119
22,7936,0.000001192
23,7936,0.000001100
24,7936,0.000001084
25,7936,0.000001192
26,7936,0.000001126
27,7936,0.000001121
28,7936,0.000001151
29,7936,0.000001091
30,7936,0.000001146
31,7936,0.000001098
32,7936,0.000001134
33,7936,0.000001286
34,7936,0.000001121
35,7936,0.000001270
36,7936,0.000001135
37,7936,0.000001271
38,7936,0.000001107
39,7936,0.000001327
40,7936,0.000001116
41,7936,0.000001297
42,7936,0.000001139
43,7936,0.000001245
44,7936,0.000001137
45,7936,0.000001123
46,7936,0.000001141
47,7936,0.000001124
48,7936,0.000001131
49,7936,0.000001144
50,7936,0.000001154
51,7936,0.000001085
52,7936,0.000001136
53,7936,0.000001118
54,7936,0.000001143
55,7936,0.000001074
56,7936,0.000001180
57,7936,0.000001127
58,7936,0.000001129
59,7936,0.000001094
60,7936,0.000001145
61,7936,0.000001115
62,7936,0.000001104
63,7936,0.000001134
64,7936,0.000001125
65,7936,0.000001094
66,7936,0.000001125
67,7936,0.000001117
68,7936,0.000001147
69,7936,0.000001197
70,7936,0.000001113
71,7936,0.000001103
72,7936,0.000001114
73,7936,0.000001131
74,7936,0.000001090
75,7936,0.000001116
76,7936,0.000001141
77,7936,0.000001138
78,7936,0.000001124
79,7936,0.000001113
80,7936,0.000001165
81,7936,0.000001125
82,7936,0.000001138
83,7936,0.000001167
84,7936,0.000001135
85,7936,0.000001103
86,7936,0.000004622
87,7936,0.000004826
88,7936,0.000004761
89,7936,0.000004848
90,7936,0.000004769
91,7936,0.000004904
92,7936,0.000005004
93,7936,0.000004843
94,7936,0.000004851
95,7936,0.000004949
96,7936,0.000004901
97,7936,0.000004872
98,7936,0.000005028
99,7936,0.000005160
0,8192,0.000001136
1,8192,0.000001126
2,8192,0.000001143
3,8192,0.000001168
4,8192,0.000001126
5,8192,0.000001310
6,8192,0.000001120
7,8192,0.000001231
8,8192,0.000001142
9,8192,0.000001254
10,8192,0.000001120
11,8192,0.000001159
12,8192,0.000001130
13,8192,0.000001137
14,8192,0.000001154
15,8192,0.000001134
16,8192,0.000001113
17,8192,0.000001174
18,8192,0.000001141
19,8192,0.000001135
20,8192,0.000001162
21,8192,0.000001148
22,8192,0.000001151
23,8192,0.000001101
24,8192,0.000001147
25,8192,0.000001123
26,8192,0.000001107
27,8192,0.000001114
28,8192,0.000001123
29,8192,0.000001124
30,8192,0.000001153
31,8192,0.000001149
32,8192,0.000001134
33,8192,0.000001125
34,8192,0.000001140
35,8192,0.000001132
36,8192,0.000001097
37,8192,0.000001148
38,8192,0.000001110
39,8192,0.000001111
40,8192,0.000001141
41,8192,0.000001094
42,8192,0.000001107
43,8192,0.000001107
44,8192,0.000001178
45,8192,0.000001144
46,8192,0.000001114
47,8192,0.000001134
48,8192,0.000001162
49,8192,0.000001156
50,8192,0.000001202
51,8192,0.000001135
52,8192,0.000001209
53,8192,0.000001267
54,8192,0.000001142
55,8192,0.000001266
56,8192,0.000001140
57,8192,0.000001234
58,8192,0.000001146
59,8192,0.000001252
60,8192,0.000001148
61,8192,0.000001263
62,8192,0.000001176
63,8192,0.000001113
64,8192,0.000001163
65,8192,0.000001169
66,8192,0.000001152
67,8192,0.000001143
68,8192,0.000001163
69,8192,0.000001108
70,8192,0.000001136
71,8192,0.000001160
72,8192,0.000001149
73,8192,0.000001106
74,8192,0.000001114
75,8192,0.000001135
76,8192,0.000001125
77,8192,0.000001122
78,8192,0.000001176
79,8192,0.000001154
80,8192,0.000005028
81,8192,0.000004687
82,8192,0.000004906
83,8192,0.000004880
84,8192,0.000004845
85,8192,0.000004922
86,8192,0.000004906
87,8192,0.000005085
88,8192,0.000004844
89,8192,0.000004836
90,8192,0.000004904
91,8192,0.000004655
92,8192,0.000004875
93,8192,0.000004825
94,8192,0.000004756
95,8192,0.000004794
96,8192,0.000004755
97,8192,0.000004765
98,8192,0.000004751
99,8192,0.000004800
